-- INSERCIÓN DE DATOS

-- TABLA MOVIE
INSERT INTO MOVIE (Title, Original_title, Genre, Keyword, Overview, Tagline, Runtime, Language, Release_date)
VALUES 
('The Great Adventure', 'La Gran Aventura', 'Action', 'Adventure', 'A man sets out on a dangerous journey.', 'The ultimate adventure awaits.', '02:15:00', 'English', '2020-03-15'),
('Mystery in the Fog', 'Misterio en la Niebla', 'Mystery', 'Detective', 'A detective unravels a complex case.', 'Nothing is as it seems.', '01:45:00', 'Spanish', '2019-06-22'),
('Love Beyond Time', 'Amor Más Allá del Tiempo', 'Romance', 'Time Travel', 'Two lovers find each other through time.', 'Love knows no boundaries.', '02:05:00', 'English', '2021-02-14'),
('The Forgotten War', 'La Guerra Olvidada', 'History', 'War', 'A soldier recounts a forgotten battle.', 'A battle that should be remembered.', '02:30:00', 'French', '2020-09-10'),
('Into the Stars', 'Hacia las Estrellas', 'Science Fiction', 'Space', 'A team of astronauts embarks on a space mission.', 'The stars are calling.', '02:20:00', 'English', '2022-07-05'),
('The Haunted House', 'La Casa Embrujada', 'Horror', 'Ghost', 'A family moves into a haunted house.', 'Beware of the spirits.', '01:50:00', 'Spanish', '2019-10-31'),
('The Big Heist', 'El Gran Robo', 'Crime', 'Robbery', 'A group plans the ultimate heist.', 'The score of a lifetime.', '02:10:00', 'English', '2021-05-20'),
('The Island', 'La Isla', 'Thriller', 'Survival', 'A group stranded on a mysterious island.', 'Survive at any cost.', '02:00:00', 'French', '2019-11-11'),
('The Last Kingdom', 'El Último Reino', 'Drama', 'Royalty', 'A young king struggles to hold his kingdom.', 'Rule or be ruled.', '02:25:00', 'English', '2022-01-01'),
('The Hidden Truth', 'La Verdad Oculta', 'Documentary', 'Conspiracy', 'An investigation into hidden truths.', 'What they don’t want you to know.', '01:55:00', 'English', '2020-04-18'),
('Chasing the Dream', 'Persiguiendo el Sueño', 'Sports', 'Football', 'An underdog team fights to win the championship.', 'It’s more than just a game.', '02:05:00', 'English', '2019-12-25'),
('Beneath the Waves', 'Debajo de las Olas', 'Adventure', 'Ocean', 'A diver discovers hidden secrets under the sea.', 'The ocean’s mysteries await.', '02:20:00', 'English', '2021-06-30'),
('City of Lights', 'Ciudad de Luces', 'Romance', 'Paris', 'Two strangers meet in Paris and fall in love.', 'Love is always brighter in the city of lights.', '01:50:00', 'French', '2022-02-14'),
('Breaking the Code', 'Rompiendo el Código', 'Thriller', 'Hacker', 'A hacker uncovers a global conspiracy.', 'The truth is encrypted.', '01:55:00', 'English', '2020-07-21'),
('The Rise of AI', 'El Ascenso de la IA', 'Science Fiction', 'Artificial Intelligence', 'A world controlled by artificial intelligence.', 'Can humanity survive?', '02:25:00', 'English', '2021-09-15'),
('Frozen Heart', 'Corazón Congelado', 'Romance', 'Winter', 'A couple finds love during a harsh winter.', 'Love can melt even the coldest heart.', '01:45:00', 'English', '2020-12-10'),
('Echoes of the Past', 'Ecos del Pasado', 'Drama', 'Family', 'A woman returns to her childhood home to confront her past.', 'Some memories never fade.', '02:10:00', 'Spanish', '2019-05-03'),
('On the Edge', 'Al Límite', 'Action', 'Extreme Sports', 'An extreme sports athlete pushes the limits.', 'Only the fearless survive.', '01:55:00', 'English', '2022-03-25'),
('Underworld', 'Inframundo', 'Fantasy', 'Mythology', 'A warrior ventures into the underworld to save a loved one.', 'The gods have other plans.', '02:20:00', 'Greek', '2021-11-11'),
('Shadows in the Mist', 'Sombras en la Niebla', 'Horror', 'Supernatural', 'A town plagued by mysterious supernatural events.', 'Beware what lurks in the mist.', '01:50:00', 'Spanish', '2019-09-30'),
('The Quantum Leap', 'El Salto Cuántico', 'Science Fiction', 'Time Travel', 'Scientists discover the key to time travel.', 'Time is not what you think.', '02:15:00', 'English', '2020-10-05'),
('In the Name of Honor', 'En Nombre del Honor', 'War', 'Soldiers', 'A soldier fights to protect his country.', 'For honor, for glory.', '02:20:00', 'English', '2022-05-17'),
('The Secret Ingredient', 'El Ingrediente Secreto', 'Comedy', 'Food', 'A chef discovers the secret ingredient to success.', 'It’s all in the recipe.', '01:40:00', 'French', '2020-06-10'),
('Through the Fire', 'A Través del Fuego', 'Drama', 'Firefighters', 'A firefighter’s struggle to save lives.', 'Bravery in the face of danger.', '02:05:00', 'English', '2019-08-14'),
('Whispers in the Dark', 'Susurros en la Oscuridad', 'Mystery', 'Detective', 'A detective investigates a series of mysterious murders.', 'The truth hides in the shadows.', '02:00:00', 'Spanish', '2021-01-20'),
('Dawn of the Empire', 'El Amanecer del Imperio', 'Historical', 'Empire', 'The rise and fall of an ancient empire.', 'Empires are not built in a day.', '02:35:00', 'Greek', '2020-02-22'),
('The Final Countdown', 'La Cuenta Final', 'Action', 'Bomb', 'A team must stop a deadly bomb from detonating.', 'The clock is ticking.', '01:55:00', 'English', '2021-12-24'),
('A New Beginning', 'Un Nuevo Comienzo', 'Drama', 'Rebirth', 'A woman rebuilds her life after a tragedy.', 'Every ending is a new beginning.', '02:10:00', 'Spanish', '2021-07-18'),
('The Infinite Chase', 'La Persecución Infinita', 'Action', 'Chase', 'A cop chases down a dangerous fugitive.', 'The chase never ends.', '02:05:00', 'English', '2022-09-09'),
('The Silent Echo', 'El Eco Silencioso', 'Horror', 'Ghost', 'A woman haunted by the echoes of her past.', 'Some voices never leave.', '01:50:00', 'French', '2021-03-11');

-- TABLA COMPANY
INSERT INTO COMPANY (ID_movie, Production_company, Production_country)
VALUES 
(1, 'Adventure Studios', 'USA'),
(2, 'Mystery Films', 'Spain'),
(3, 'Timeless Productions', 'USA'),
(4, 'Historical Films', 'France'),
(5, 'Cosmic Studios', 'USA'),
(6, 'Horror House', 'Spain'),
(7, 'Heist Productions', 'USA'),
(8, 'Survival Studios', 'France'),
(9, 'Royal Films', 'UK'),
(10, 'Truth Seekers', 'USA'),
(11, 'Dream Chasers', 'USA'),
(12, 'Ocean Deep', 'USA'),
(13, 'Paris Films', 'France'),
(14, 'Hacker Studios', 'USA'),
(15, 'AI World', 'USA'),
(16, 'Winter Productions', 'Canada'),
(17, 'Memory Films', 'Spain'),
(18, 'Extreme Sports Studios', 'USA'),
(19, 'Mythical Studios', 'Greece'),
(20, 'Supernatural Films', 'Spain'),
(21, 'Time Travel Studios', 'USA'),
(22, 'Honor Films', 'USA'),
(23, 'Comedy House', 'France'),
(24, 'Bravery Films', 'USA'),
(25, 'Detective Studios', 'Spain'),
(26, 'Empire Films', 'Greece'),
(27, 'Bomb Squad', 'USA'),
(28, 'Rebirth Films', 'Spain'),
(29, 'Chase Studios', 'USA'),
(30, 'Echo Films', 'France');

-- TABLA PROFIT
INSERT INTO PROFIT (ID_movie, Revenue, Budget) VALUES
(1, 150000000, 70000000),
(2, 95000000, 55000000),
(3, 35000000, 15000000),
(4, 25000000, 12000000),
(5, 80000000, 60000000),
(6, 22000000, 9000000),
(7, 180000000, 95000000),
(8, 45000000, 28000000),
(9, 140000000, 70000000),
(10, 65000000, 45000000),
(11, 105000000, 50000000),
(12, 76000000, 40000000),
(13, 132000000, 80000000),
(14, 30000000, 15000000),
(15, 94000000, 62000000),
(16, 24000000, 10000000),
(17, 170000000, 110000000),
(18, 52000000, 30000000),
(19, 125000000, 85000000),
(20, 99000000, 60000000),
(21, 81000000, 51000000),
(22, 60000000, 30000000),
(23, 45000000, 25000000),
(24, 20000000, 10000000),
(25, 92000000, 50000000),
(26, 78000000, 45000000),
(27, 142000000, 70000000),
(28, 50000000, 20000000),
(29, 108000000, 60000000),
(30, 88000000, 55000000);

-- TABLA ACTOR
INSERT INTO ACTOR (ID_actor, First_name, Last_name, Birthdate, Nationality) VALUES
(1, 'John', 'Doe', '1980-05-14', 'USA'),
(2, 'Emily', 'Blunt', '1983-02-23', 'UK'),
(3, 'Chris', 'Hemsworth', '1983-08-11', 'Australia'),
(4, 'Scarlett', 'Johansson', '1984-11-22', 'USA'),
(5, 'Tom', 'Hiddleston', '1981-02-09', 'UK'),
(6, 'Zendaya', 'Coleman', '1996-09-01', 'USA'),
(7, 'Dwayne', 'Johnson', '1972-05-02', 'USA'),
(8, 'Gal', 'Gadot', '1985-04-30', 'Israel'),
(9, 'Robert', 'Downey Jr.', '1965-04-04', 'USA'),
(10, 'Ryan', 'Reynolds', '1976-10-23', 'Canada'),
(11, 'Hugh', 'Jackman', '1968-10-12', 'Australia'),
(12, 'Anne', 'Hathaway', '1982-11-12', 'USA'),
(13, 'Mark', 'Ruffalo', '1967-11-22', 'USA'),
(14, 'Natalie', 'Portman', '1981-06-09', 'Israel'),
(15, 'Chris', 'Pratt', '1979-06-21', 'USA'),
(16, 'Samuel', 'Jackson', '1948-12-21', 'USA'),
(17, 'Vin', 'Diesel', '1967-07-18', 'USA'),
(18, 'Margot', 'Robbie', '1990-07-02', 'Australia'),
(19, 'Leonardo', 'DiCaprio', '1974-11-11', 'USA'),
(20, 'Will', 'Smith', '1968-09-25', 'USA'),
(21, 'Emma', 'Stone', '1988-11-06', 'USA'),
(22, 'Jennifer', 'Lawrence', '1990-08-15', 'USA'),
(23, 'Christian', 'Bale', '1974-01-30', 'UK'),
(24, 'Brad', 'Pitt', '1963-12-18', 'USA'),
(25, 'George', 'Clooney', '1961-05-06', 'USA'),
(26, 'Meryl', 'Streep', '1949-06-22', 'USA'),
(27, 'Sandra', 'Bullock', '1964-07-26', 'USA'),
(28, 'Halle', 'Berry', '1966-08-14', 'USA'),
(29, 'Tom', 'Cruise', '1962-07-03', 'USA'),
(30, 'Joaquin', 'Phoenix', '1974-10-28', 'USA');

-- TABLA DIRECTOR
INSERT INTO DIRECTOR (ID_director, First_name, Last_name, Birthdate, Nationality) VALUES
(1, 'Steven', 'Spielberg', '1946-12-18', 'USA'),
(2, 'Christopher', 'Nolan', '1970-07-30', 'UK'),
(3, 'Quentin', 'Tarantino', '1963-03-27', 'USA'),
(4, 'James', 'Cameron', '1954-08-16', 'Canada'),
(5, 'Martin', 'Scorsese', '1942-11-17', 'USA'),
(6, 'David', 'Fincher', '1962-08-28', 'USA'),
(7, 'Peter', 'Jackson', '1961-10-31', 'New Zealand'),
(8, 'Ridley', 'Scott', '1937-11-30', 'UK'),
(9, 'Denis', 'Villeneuve', '1967-10-03', 'Canada'),
(10, 'Guillermo', 'del Toro', '1964-10-09', 'Mexico'),
(11, 'Patty', 'Jenkins', '1971-07-24', 'USA'),
(12, 'Wes', 'Anderson', '1969-05-01', 'USA'),
(13, 'Sofia', 'Coppola', '1971-05-14', 'USA'),
(14, 'Clint', 'Eastwood', '1930-05-31', 'USA'),
(15, 'James', 'Wan', '1977-02-26', 'Australia'),
(16, 'George', 'Miller', '1945-03-03', 'Australia'),
(17, 'Taika', 'Waititi', '1975-08-16', 'New Zealand'),
(18, 'Greta', 'Gerwig', '1983-08-04', 'USA'),
(19, 'Spike', 'Lee', '1957-03-20', 'USA'),
(20, 'Alejandro', 'González Iñárritu', '1963-08-15', 'Mexico'),
(21, 'Francis', 'Ford Coppola', '1939-04-07', 'USA'),
(22, 'Tim', 'Burton', '1958-08-25', 'USA'),
(23, 'Lana', 'Wachowski', '1965-06-21', 'USA'),
(24, 'Lilly', 'Wachowski', '1967-12-29', 'USA'),
(25, 'Michael', 'Bay', '1965-02-17', 'USA'),
(26, 'Damien', 'Chazelle', '1985-01-19', 'USA'),
(27, 'Paul', 'Thomas Anderson', '1970-06-26', 'USA'),
(28, 'Edgar', 'Wright', '1974-04-18', 'UK'),
(29, 'Ang', 'Lee', '1954-10-23', 'Taiwan'),
(30, 'Bong', 'Joon-ho', '1969-09-14', 'South Korea');

-- TABLAS INTERMEDIAS ACTOR Y DIRECTOR
INSERT INTO MOVIE_ACTOR (ID_movie, ID_actor, Role) VALUES
(1, 1, 'John Connor'),
(2, 2, 'Ellen Ripley'),
(3, 3, 'Rick Dalton'),
(4, 4, 'Jake Sully'),
(5, 5, 'Henry Hill'),
(6, 6, 'Mark Zuckerberg'),
(7, 7, 'Frodo Baggins'),
(8, 8, 'Maximus'),
(9, 9, 'K'),
(10, 10, 'Elisa Esposito'),
(11, 11, 'Diana Prince'),
(12, 12, 'Mr. Fox'),
(13, 13, 'Charlotte'),
(14, 14, 'Walt Kowalski'),
(15, 15, 'Elise Rainier'),
(16, 16, 'Max Rockatansky'),
(17, 17, 'Korg'),
(18, 18, 'Jo March'),
(19, 19, 'Mookie'),
(20, 20, 'Ursúa'),
(21, 21, 'Vito Corleone'),
(22, 22, 'Edward Scissorhands'),
(23, 23, 'Neo'),
(24, 24, 'Agent Smith'),
(25, 25, 'Marcus Burnett'),
(26, 26, 'Sebastian'),
(27, 27, 'Reynolds Woodcock'),
(28, 28, 'Baby'),
(29, 29, 'Pi Patel'),
(30, 30, 'Kim Ki-taek');

INSERT INTO MOVIE_DIRECTOR (ID_movie, ID_director) VALUES
(1, 1),
(2, 2),
(3, 3),
(4, 4),
(5, 5),
(6, 6),
(7, 7),
(8, 8),
(9, 9),
(10, 10),
(11, 11),
(12, 12),
(13, 13),
(14, 14),
(15, 15),
(16, 16),
(17, 17),
(18, 18),
(19, 19),
(20, 20),
(21, 21),
(22, 22),
(23, 23),
(24, 24),
(25, 25),
(26, 26),
(27, 27),
(28, 28),
(29, 29),
(30, 30);

-- TABLA USUARIOS
INSERT INTO USER_ACCOUNT (Username, Email, Password, Signup_date) VALUES
('john_doe', 'john.doe@example.com', 'password123', '2023-01-05 10:34:56'),
('jane_smith', 'jane.smith@example.com', 'securepass456', '2023-02-10 15:28:33'),
('michael_jordan', 'michael.jordan@example.com', 'basketball7', '2023-03-12 18:45:22'),
('emily_watson', 'emily.watson@example.com', 'watsonrules89', '2023-04-08 12:12:12'),
('robert_brown', 'robert.brown@example.com', 'supersecret!88', '2023-05-14 09:34:11'),
('sarah_connor', 'sarah.connor@example.com', 'terminator82', '2023-06-22 14:56:23'),
('david_clark', 'david.clark@example.com', 'clarkkent2000', '2023-07-02 17:45:09'),
('laura_james', 'laura.james@example.com', 'jameslaura3$', '2023-08-01 16:38:56'),
('chris_evans', 'chris.evans@example.com', 'america$hero', '2023-09-05 11:24:10'),
('olivia_johnson', 'olivia.johnson@example.com', 'olivia$22', '2023-10-12 13:49:45'),
('jack_white', 'jack.white@example.com', 'whiterabbit123', '2023-11-03 08:12:34'),
('emma_brooks', 'emma.brooks@example.com', 'emmazing91', '2023-12-17 19:56:22'),
('ethan_cole', 'ethan.cole@example.com', 'coletrain1991', '2024-01-09 20:10:10'),
('natalie_adams', 'natalie.adams@example.com', 'adamsnatalie$55', '2024-02-16 10:25:37'),
('daniel_wright', 'daniel.wright@example.com', 'wrightway888', '2024-03-18 12:36:48'),
('julia_ross', 'julia.ross@example.com', 'rossandroll!', '2024-04-20 14:42:19'),
('thomas_green', 'thomas.green@example.com', 'greenthomas77', '2024-05-22 09:15:54'),
('sophia_lee', 'sophia.lee@example.com', 'leesophia', '2024-06-30 16:11:03'),
('henry_hughes', 'henry.hughes@example.com', 'hughesrocks789', '2024-07-13 18:25:45'),
('amelia_wright', 'amelia.wright@example.com', 'wrightstuff2021', '2024-08-09 20:10:44'),
('william_scott', 'william.scott@example.com', 'scotty2hottie', '2024-09-18 11:48:57'),
('charlotte_brown', 'charlotte.brown@example.com', 'charlottebrown2$', '2024-10-25 13:17:38'),
('jackson_davis', 'jackson.davis@example.com', 'davisjackson99', '2024-11-30 14:44:21'),
('madison_turner', 'madison.turner@example.com', 'turnmad2020', '2024-12-13 16:02:39'),
('logan_hill', 'logan.hill@example.com', 'hilltime321', '2024-12-25 18:37:58'),
('hannah_young', 'hannah.young@example.com', 'younggoddess', '2025-01-05 11:20:07'),
('liam_roberts', 'liam.roberts@example.com', 'liamwinning44', '2025-02-14 13:48:36'),
('zoe_thompson', 'zoe.thompson@example.com', 'zozo$thom', '2025-03-22 15:26:44'),
('noah_allen', 'noah.allen@example.com', 'allensavage!', '2025-04-30 17:12:05'),
('ella_bennett', 'ella.bennett@example.com', 'bennettstrong12', '2025-05-18 19:28:11');

-- TABLA STREAMING
INSERT INTO STREAMING (Platform_name, Subscription_required) VALUES
('Netflix', TRUE),
('Amazon Prime Video', TRUE),
('Disney+', TRUE),
('HBO Max', TRUE),
('Hulu', TRUE),
('Apple TV+', TRUE),
('Peacock', TRUE),
('Paramount+', TRUE),
('YouTube', FALSE),
('Google Play Movies', FALSE),
('Vudu', FALSE),
('Tubi', FALSE),
('Crackle', FALSE),
('Pluto TV', FALSE),
('FuboTV', TRUE),
('Sling TV', TRUE),
('Shudder', TRUE),
('CuriosityStream', TRUE),
('Acorn TV', TRUE),
('BritBox', TRUE),
('Kanopy', FALSE),
('Mubi', TRUE),
('The Criterion Channel', TRUE),
('Starz', TRUE),
('Showtime', TRUE),
('AMC+', TRUE),
('Discovery+', TRUE),
('FandangoNOW', FALSE),
('Rakuten TV', FALSE),
('Plex', FALSE);

-- TABLA INTERMEDIA STREAMING
INSERT INTO MOVIE_STREAMING (ID_movie, ID_streaming, Availability_date) VALUES
(1, 1, '2023-01-01'),
(2, 1, '2023-02-05'),
(3, 2, '2023-03-10'),
(4, 3, '2023-04-15'),
(5, 4, '2023-05-20'),
(6, 5, '2023-06-25'),
(7, 6, '2023-07-30'),
(8, 7, '2023-08-10'),
(9, 8, '2023-09-15'),
(10, 9, '2023-10-20'),
(11, 10, '2023-11-25'),
(12, 11, '2023-12-30'),
(13, 12, '2024-01-05'),
(14, 13, '2024-02-10'),
(15, 14, '2024-03-15'),
(16, 15, '2024-04-20'),
(17, 16, '2024-05-25'),
(18, 17, '2024-06-30'),
(19, 18, '2024-07-10'),
(20, 19, '2024-08-15'),
(21, 20, '2024-09-20'),
(22, 21, '2024-10-25'),
(23, 22, '2024-11-30'),
(24, 23, '2024-12-05'),
(25, 24, '2025-01-10'),
(26, 25, '2025-02-15'),
(27, 26, '2025-03-20'),
(28, 27, '2025-04-25'),
(29, 28, '2025-05-30'),
(30, 29, '2025-06-10');

-- TABLA DE RATING
INSERT INTO RATING (Source, Score, ID_movie) VALUES
('IMDb', 7.8, 1),
('Rotten Tomatoes', 85.0, 1),
('Metacritic', 70.0, 1),
('IMDb', 6.9, 2),
('Rotten Tomatoes', 72.0, 2),
('Metacritic', 65.0, 2),
('IMDb', 8.3, 3),
('Rotten Tomatoes', 90.0, 3),
('Metacritic', 88.0, 3),
('IMDb', 7.2, 4),
('Rotten Tomatoes', 80.0, 4),
('Metacritic', 75.0, 4),
('IMDb', 6.5, 5),
('Rotten Tomatoes', 68.0, 5),
('Metacritic', 60.0, 5),
('IMDb', 9.1, 6),
('Rotten Tomatoes', 95.0, 6),
('Metacritic', 93.0, 6),
('IMDb', 7.9, 7),
('Rotten Tomatoes', 85.0, 7),
('Metacritic', 80.0, 7),
('IMDb', 6.3, 8),
('Rotten Tomatoes', 60.0, 8),
('Metacritic', 58.0, 8),
('IMDb', 8.5, 9),
('Rotten Tomatoes', 92.0, 9),
('Metacritic', 89.0, 9),
('IMDb', 7.0, 10),
('Rotten Tomatoes', 75.0, 10),
('Metacritic', 70.0, 10),
('IMDb', 8.2, 11),
('Rotten Tomatoes', 88.0, 11),
('Metacritic', 85.0, 11),
('IMDb', 5.9, 12),
('Rotten Tomatoes', 55.0, 12),
('Metacritic', 52.0, 12),
('IMDb', 7.6, 13),
('Rotten Tomatoes', 80.0, 13),
('Metacritic', 78.0, 13),
('IMDb', 6.8, 14),
('Rotten Tomatoes', 70.0, 14),
('Metacritic', 65.0, 14),
('IMDb', 9.0, 15),
('Rotten Tomatoes', 95.0, 15),
('Metacritic', 94.0, 15),
('IMDb', 7.5, 16),
('Rotten Tomatoes', 82.0, 16),
('Metacritic', 78.0, 16),
('IMDb', 8.7, 17),
('Rotten Tomatoes', 91.0, 17),
('Metacritic', 90.0, 17),
('IMDb', 6.2, 18),
('Rotten Tomatoes', 60.0, 18),
('Metacritic', 55.0, 18),
('IMDb', 7.8, 19),
('Rotten Tomatoes', 85.0, 19),
('Metacritic', 80.0, 19),
('IMDb', 9.2, 20),
('Rotten Tomatoes', 96.0, 20),
('Metacritic', 95.0, 20),
('IMDb', 6.7, 21),
('Rotten Tomatoes', 65.0, 21),
('Metacritic', 60.0, 21),
('IMDb', 8.1, 22),
('Rotten Tomatoes', 90.0, 22),
('Metacritic', 88.0, 22),
('IMDb', 7.3, 23),
('Rotten Tomatoes', 82.0, 23),
('Metacritic', 77.0, 23),
('IMDb', 8.8, 24),
('Rotten Tomatoes', 92.0, 24),
('Metacritic', 91.0, 24),
('IMDb', 7.4, 25),
('Rotten Tomatoes', 80.0, 25),
('Metacritic', 75.0, 25),
('IMDb', 6.1, 26),
('Rotten Tomatoes', 55.0, 26),
('Metacritic', 52.0, 26),
('IMDb', 8.6, 27),
('Rotten Tomatoes', 91.0, 27),
('Metacritic', 90.0, 27),
('IMDb', 7.0, 28),
('Rotten Tomatoes', 72.0, 28),
('Metacritic', 70.0, 28),
('IMDb', 9.3, 29),
('Rotten Tomatoes', 97.0, 29),
('Metacritic', 96.0, 29),
('IMDb', 6.9, 30),
('Rotten Tomatoes', 65.0, 30),
('Metacritic', 60.0, 30);

-- TABLA FACT SALES
INSERT INTO FACT_SALES (ID_movie, Production_company, Sale_Date, Revenue, Budget)
VALUES
(1, 'Adventure Studios', '2023-01-01', 950000000.00, 200000000.00),
(2, 'Mystery Films', '2023-01-15', 850000000.00, 180000000.00),
(3, 'Timeless Productions', '2023-02-01', 780000000.00, 160000000.00),
(4, 'Historical Films', '2023-02-10', 920000000.00, 150000000.00),
(5, 'Cosmic Studios', '2023-03-05', 650000000.00, 130000000.00),
(6, 'Horror House', '2023-03-20', 980000000.00, 210000000.00),
(7, 'Heist Productions', '2023-04-10', 710000000.00, 120000000.00),
(8, 'Survival Studios', '2023-04-25', 600000000.00, 100000000.00),
(9, 'Royal Films', '2023-05-15', 1000000000.00, 220000000.00),
(10, 'Truth Seekers', '2023-05-30', 750000000.00, 175000000.00),
(11, 'Dream Chasers', '2023-06-10', 880000000.00, 140000000.00),
(12, 'Ocean Deep', '2023-06-25', 850000000.00, 200000000.00),
(13, 'Paris Films', '2023-07-05', 930000000.00, 210000000.00),
(14, 'Hacker Studios', '2023-07-20', 740000000.00, 160000000.00),
(15, 'AI World', '2023-08-01', 820000000.00, 190000000.00),
(16, 'Winter Productions', '2023-08-15', 660000000.00, 130000000.00),
(17, 'Memory Films', '2023-09-05', 920000000.00, 150000000.00),
(18, 'Extreme Sports Studios', '2023-09-20', 750000000.00, 160000000.00),
(19, 'Mythical Studios', '2023-10-01', 860000000.00, 180000000.00),
(20, 'Supernatural Films', '2023-10-15', 780000000.00, 170000000.00);

-- TABLA AWARDS
INSERT INTO AWARDS (Award_name, Year, Category)
VALUES
('Academy Award', 2023, 'Best Picture'),
('Golden Globe', 2023, 'Best Director'),
('BAFTA Award', 2023, 'Best Actor'),
('Academy Award', 2023, 'Best Actress'),
('Golden Globe', 2023, 'Best Screenplay'),
('BAFTA Award', 2023, 'Best Cinematography'),
('Academy Award', 2023, 'Best Supporting Actor'),
('Golden Globe', 2023, 'Best Supporting Actress'),
('BAFTA Award', 2023, 'Best Visual Effects'),
('Academy Award', 2024, 'Best Picture'),
('Golden Globe', 2024, 'Best Director'),
('BAFTA Award', 2024, 'Best Actor'),
('Academy Award', 2024, 'Best Actress'),
('Golden Globe', 2024, 'Best Screenplay'),
('BAFTA Award', 2024, 'Best Cinematography'),
('Academy Award', 2024, 'Best Supporting Actor'),
('Golden Globe', 2024, 'Best Supporting Actress'),
('BAFTA Award', 2024, 'Best Visual Effects'),
('Cannes Film Festival', 2024, 'Palme d\'Or'),
('Sundance Film Festival', 2024, 'Grand Jury Prize');

-- TABLA MOVIE AWARDS
INSERT INTO MOVIE_AWARDS (ID_movie, ID_award)
VALUES
(1, 1),
(2, 2),
(3, 3),
(4, 4),
(5, 5),
(6, 6),
(7, 7),
(8, 8),
(9, 9),
(10, 10),
(11, 11),
(12, 12),
(13, 13),
(14, 14),
(15, 15),
(16, 16),
(17, 17),
(18, 18),
(19, 19),
(20, 20);

-- TABLA TRANSACTION VIEW
INSERT INTO TRANSACTION_VIEW (User_ID, ID_movie, View_Date, Duration_Watched)
VALUES
(1, 1, '2023-01-02', '01:30:00'), 
(1, 2, '2023-01-16', '01:45:00'),
(2, 3, '2023-02-02', '02:00:00'),
(2, 4, '2023-02-11', '01:20:00'),
(3, 5, '2023-03-06', '01:50:00'),
(3, 6, '2023-03-21', '01:15:00'),
(4, 7, '2023-04-11', '02:05:00'),
(4, 8, '2023-04-26', '00:50:00'),
(5, 9, '2023-05-16', '01:35:00'),
(5, 10, '2023-05-31', '01:10:00'),
(6, 11, '2023-06-11', '01:40:00'),
(6, 12, '2023-06-26', '01:30:00'),
(7, 13, '2023-07-06', '01:25:00'),
(7, 14, '2023-07-21', '01:55:00'),
(8, 15, '2023-08-02', '02:00:00'),
(8, 16, '2023-08-16', '00:45:00'),
(9, 17, '2023-09-06', '01:20:00'),
(9, 18, '2023-09-21', '01:15:00'),
(10, 19, '2023-10-02', '01:30:00'),
(10, 20, '2023-10-16', '01:40:00');

-- TABLA TRANSACTION RATING
INSERT INTO TRANSACTION_RATING (User_ID, ID_movie, Rating, Rating_Date)
VALUES
(1, 1, 8.5, '2023-01-16'),
(2, 2, 7.8, '2023-02-21'),
(3, 3, 9.0, '2023-03-26'),
(4, 4, 8.2, '2023-04-11'),
(5, 5, 7.5, '2023-05-13'),
(6, 6, 8.9, '2023-06-06'),
(7, 7, 8.4, '2023-07-19'),
(8, 8, 9.1, '2023-08-09'),
(9, 9, 7.6, '2023-09-11'),
(10, 10, 8.3, '2023-10-16'),
(1, 11, 7.7, '2023-11-13'),
(2, 12, 8.8, '2023-12-26'),
(3, 13, 8.1, '2024-01-16'),
(4, 14, 8.6, '2024-02-11'),
(5, 15, 9.0, '2024-03-19'),
(6, 16, 7.9, '2024-04-06'),
(7, 17, 8.5, '2024-05-23'),
(8, 18, 8.7, '2024-06-13'),
(9, 19, 7.5, '2024-07-26'),
(10, 20, 8.9, '2024-08-09');






